{
  "r2": 0.8840964964064573,
  "mse": 59203039.482677914
}