{
  "r2": 0.9021627846740266,
  "mse": 49974852.71999636
}