{
  "r2": 0.7833214205203848,
  "mse": 33639075.08997807
}