{
  "r2": 0.7832948524539634,
  "mse": 33643199.74864758
}