{
  "r2": 0.9024461774180497,
  "mse": 49830096.85590839
}