{
  "r2": 0.8646963560519128,
  "mse": 21005719.391591076
}