{
  "r2": 0.783060352605912,
  "mse": 33679605.55311672
}