{
  "r2": 0.9024455162895476,
  "mse": 49830434.55766544
}