YearsExperience,_true,_pred
9.6,112635,115789.67855641514
4.9,67938,71498.31272861885
8.2,113812,102596.50575664602
5.3,83088,75267.79067141001
3.2,64445,55478.03147175636
3.7,57189,60189.87890024532
