YearsExperience,_true,_pred
9.6,112635,115582.53212303581
4.9,67938,71511.80952172854
8.2,113812,102455.08283754003
5.3,83088,75262.50931758448
3.2,64445,55571.33538934081
3.7,57189,60259.710134160734
