YearsExperience,_true,_pred
9.6,112635,115790.21011287419
4.9,67938,71498.2780946286
8.2,113812,102596.8686606308
5.3,83088,75267.80422384098
3.2,64445,55477.79204547594
3.7,57189,60189.69970699143
