YearsExperience,_true,_pred
9.6,112635,114651.915
4.9,67938,63574.59041666667
8.2,113812,103494.465
5.3,83088,71000.315
3.2,64445,56237.85833333333
3.7,57189,60680.43467857143
